cell_id,center_lon,center_lat,population,existing_clinics,context,wealth_score,area_character,confidence
cell_000000,37.55399033097786,55.722245777937474,1350,0,Медучреждений рядом не обнаружено.,3,residential,0.8
cell_000001,37.561970992933595,55.722245777937474,3529,3,Рядом медучреждений: 3 (клиники: 3).,6,residential,0.8
cell_000002,37.56995165488933,55.722245777937474,3552,0,Медучреждений рядом не обнаружено.,3,residential,0.8
cell_000003,37.577932316845065,55.722245777937474,3142,4,"Рядом медучреждений: 4 (клиники: 3, кабинеты врачей: 1).",6,residential,0.8
cell_000004,37.5859129788008,55.722245777937474,1760,1,Рядом медучреждений: 1 (клиники: 1).,5,residential,0.8
cell_000005,37.593893640756534,55.722245777937474,1476,1,Рядом медучреждений: 1 (клиники: 1).,5,residential,0.8
cell_000006,37.60187430271227,55.722245777937474,1570,2,Рядом медучреждений: 2 (кабинеты врачей: 2).,5,residential,0.8
cell_000007,37.609854964668,55.722245777937474,2408,1,Рядом медучреждений: 1 (клиники: 1).,5,residential,0.8
cell_000008,37.61783562662374,55.722245777937474,3188,0,Медучреждений рядом не обнаружено.,3,residential,0.8
cell_000009,37.62581628857947,55.722245777937474,3635,1,Рядом медучреждений: 1 (кабинеты врачей: 1).,3,residential,0.8
cell_000010,37.633796950535206,55.722245777937474,2672,2,"Рядом медучреждений: 2 (клиники: 1, кабинеты врачей: 1).",6,residential,0.8
cell_000011,37.64177761249094,55.722245777937474,2155,0,Медучреждений рядом не обнаружено.,3,residential,0.8
cell_000012,37.649758274446675,55.722245777937474,1730,0,Медучреждений рядом не обнаружено.,3,residential,0.8
cell_000013,37.55399033097786,55.72673733381243,860,0,Медучреждений рядом не обнаружено.,3,residential,0.8
cell_000014,37.561970992933595,55.72673733381243,3089,3,"Рядом медучреждений: 3 (больницы: 1, кабинеты врачей: 1, клиники: 1).",7,residential,0.85
cell_000015,37.56995165488933,55.72673733381243,3351,0,Медучреждений рядом не обнаружено.,3,residential,0.8
cell_000016,37.577932316845065,55.72673733381243,2939,4,Рядом медучреждений: 4 (клиники: 4).,7,residential,0.85
cell_000017,37.5859129788008,55.72673733381243,1577,2,Рядом медучреждений: 2 (клиники: 2).,6,residential,0.8
cell_000018,37.593893640756534,55.72673733381243,1254,0,Медучреждений рядом не обнаружено.,3,residential,0.8
cell_000019,37.60187430271227,55.72673733381243,1077,1,Рядом медучреждений: 1 (кабинеты врачей: 1).,3,residential,0.8
cell_000020,37.609854964668,55.72673733381243,2227,3,"Рядом медучреждений: 3 (кабинеты врачей: 2, клиники: 1).",6,residential,0.8
cell_000021,37.61783562662374,55.72673733381243,2601,2,"Рядом медучреждений: 2 (клиники: 1, больницы: 1).",7,residential,0.85
cell_000022,37.62581628857947,55.72673733381243,3428,4,"Рядом медучреждений: 4 (клиники: 3, кабинеты врачей: 1).",6,residential,0.8
cell_000023,37.633796950535206,55.72673733381243,4021,2,Рядом медучреждений: 2 (клиники: 2).,6,residential,0.8
cell_000024,37.64177761249094,55.72673733381243,3130,0,Медучреждений рядом не обнаружено.,3,residential,0.8
cell_000025,37.649758274446675,55.72673733381243,1812,1,Рядом медучреждений: 1 (кабинеты врачей: 1).,3,residential,0.8
cell_000026,37.55399033097786,55.73122888968739,1796,0,Медучреждений рядом не обнаружено.,3,residential,0.8
cell_000027,37.561970992933595,55.73122888968739,2476,3,"Рядом медучреждений: 3 (кабинеты врачей: 1, больницы: 1, клиники: 1).",7,residential,0.9
cell_000028,37.56995165488933,55.73122888968739,2737,3,Рядом медучреждений: 3 (клиники: 3).,6,residential,0.8
cell_000029,37.577932316845065,55.73122888968739,3004,0,Медучреждений рядом не обнаружено.,3,residential,0.8
cell_000030,37.5859129788008,55.73122888968739,2625,2,Рядом медучреждений: 2 (клиники: 2).,6,residential,0.8
cell_000031,37.593893640756534,55.73122888968739,1482,1,Рядом медучреждений: 1 (клиники: 1).,5,residential,0.8
cell_000032,37.60187430271227,55.73122888968739,690,0,Медучреждений рядом не обнаружено.,3,residential,0.8
cell_000033,37.609854964668,55.73122888968739,2055,1,Рядом медучреждений: 1 (клиники: 1).,5,residential,0.8
cell_000034,37.61783562662374,55.73122888968739,2564,6,"Рядом медучреждений: 6 (клиники: 5, кабинеты врачей: 1).",7,residential,0.9
cell_000035,37.62581628857947,55.73122888968739,2773,6,"Рядом медучреждений: 6 (клиники: 5, кабинеты врачей: 1).",7,residential,0.9
cell_000036,37.633796950535206,55.73122888968739,3970,3,"Рядом медучреждений: 3 (клиники: 2, кабинеты врачей: 1).",6,residential,0.8
cell_000037,37.64177761249094,55.73122888968739,3134,4,"Рядом медучреждений: 4 (кабинеты врачей: 2, клиники: 2).",6,residential,0.8
cell_000038,37.649758274446675,55.73122888968739,2278,0,Медучреждений рядом не обнаружено.,3,residential,0.8
cell_000039,37.55399033097786,55.73572044556234,3089,0,Медучреждений рядом не обнаружено.,3,residential,0.8
cell_000040,37.561970992933595,55.73572044556234,2812,0,Медучреждений рядом не обнаружено.,3,residential,0.8
cell_000041,37.56995165488933,55.73572044556234,3183,2,Рядом медучреждений: 2 (клиники: 2).,6,residential,0.8
cell_000042,37.577932316845065,55.73572044556234,3425,3,Рядом медучреждений: 3 (клиники: 3).,6,residential,0.8
cell_000043,37.5859129788008,55.73572044556234,2798,5,"Рядом медучреждений: 5 (клиники: 3, кабинеты врачей: 1, больницы: 1).",7,residential,0.85
cell_000044,37.593893640756534,55.73572044556234,3072,2,Рядом медучреждений: 2 (клиники: 2).,6,residential,0.8
cell_000045,37.60187430271227,55.73572044556234,2961,1,Рядом медучреждений: 1 (клиники: 1).,5,residential,0.8
cell_000046,37.609854964668,55.73572044556234,2228,0,Медучреждений рядом не обнаружено.,3,residential,0.8
cell_000047,37.61783562662374,55.73572044556234,2405,4,Рядом медучреждений: 4 (клиники: 4).,7,residential,0.85
cell_000048,37.62581628857947,55.73572044556234,2948,1,Рядом медучреждений: 1 (клиники: 1).,5,residential,0.8
cell_000049,37.633796950535206,55.73572044556234,4250,3,"Рядом медучреждений: 3 (клиники: 2, кабинеты врачей: 1).",6,residential,0.8
cell_000050,37.64177761249094,55.73572044556234,3496,2,Рядом медучреждений: 2 (клиники: 2).,6,residential,0.8
cell_000051,37.649758274446675,55.73572044556234,2269,2,Рядом медучреждений: 2 (клиники: 2).,6,residential,0.8
cell_000052,37.55399033097786,55.7402120014373,3435,1,Рядом медучреждений: 1 (клиники: 1).,5,residential,0.8
cell_000053,37.561970992933595,55.7402120014373,3304,0,Медучреждений рядом не обнаружено.,3,residential,0.8
cell_000054,37.56995165488933,55.7402120014373,3326,0,Медучреждений рядом не обнаружено.,3,residential,0.8
cell_000055,37.577932316845065,55.7402120014373,3657,3,"Рядом медучреждений: 3 (кабинеты врачей: 2, клиники: 1).",6,residential,0.8
cell_000056,37.5859129788008,55.7402120014373,4807,6,Рядом медучреждений: 6 (клиники: 6).,7,residential,0.85
cell_000057,37.593893640756534,55.7402120014373,4122,4,Рядом медучреждений: 4 (клиники: 4).,7,residential,0.85
cell_000058,37.60187430271227,55.7402120014373,3566,2,"Рядом медучреждений: 2 (клиники: 1, кабинеты врачей: 1).",6,residential,0.8
cell_000059,37.609854964668,55.7402120014373,2194,0,Медучреждений рядом не обнаружено.,3,residential,0.8
cell_000060,37.61783562662374,55.7402120014373,2407,3,"Рядом медучреждений: 3 (клиники: 2, кабинеты врачей: 1).",6,residential,0.8
cell_000061,37.62581628857947,55.7402120014373,2546,2,Рядом медучреждений: 2 (клиники: 2).,6,residential,0.8
cell_000062,37.633796950535206,55.7402120014373,3665,4,Рядом медучреждений: 4 (клиники: 4).,7,residential,0.85
cell_000063,37.64177761249094,55.7402120014373,3989,0,Медучреждений рядом не обнаружено.,3,residential,0.8
cell_000064,37.649758274446675,55.7402120014373,3606,4,"Рядом медучреждений: 4 (клиники: 3, кабинеты врачей: 1).",6,residential,0.8
cell_000065,37.55399033097786,55.744703557312256,3767,1,Рядом медучреждений: 1 (клиники: 1).,5,residential,0.8
cell_000066,37.561970992933595,55.744703557312256,3314,2,"Рядом медучреждений: 2 (кабинеты врачей: 1, клиники: 1).",6,residential,0.8
cell_000067,37.56995165488933,55.744703557312256,3061,0,Медучреждений рядом не обнаружено.,3,residential,0.8
cell_000068,37.577932316845065,55.744703557312256,3180,2,Рядом медучреждений: 2 (клиники: 2).,6,residential,0.8
cell_000069,37.5859129788008,55.744703557312256,4685,4,Рядом медучреждений: 4 (клиники: 4).,7,residential,0.85
cell_000070,37.593893640756534,55.744703557312256,4103,3,Рядом медучреждений: 3 (клиники: 3).,6,residential,0.8
cell_000071,37.60187430271227,55.744703557312256,3419,2,Рядом медучреждений: 2 (клиники: 2).,6,residential,0.8
cell_000072,37.609854964668,55.744703557312256,2110,0,Медучреждений рядом не обнаружено.,3,residential,0.8
cell_000073,37.61783562662374,55.744703557312256,1923,1,Рядом медучреждений: 1 (клиники: 1).,5,residential,0.8
cell_000074,37.62581628857947,55.744703557312256,2225,2,Рядом медучреждений: 2 (клиники: 2).,6,residential,0.8
cell_000075,37.633796950535206,55.744703557312256,2906,2,"Рядом медучреждений: 2 (кабинеты врачей: 1, клиники: 1).",6,residential,0.8
cell_000076,37.64177761249094,55.744703557312256,3505,5,Рядом медучреждений: 5 (клиники: 5).,7,residential,0.85
cell_000077,37.649758274446675,55.744703557312256,3872,5,"Рядом медучреждений: 5 (клиники: 4, кабинеты врачей: 1).",7,residential,0.85
cell_000078,37.55399033097786,55.74919511318721,2544,1,Рядом медучреждений: 1 (клиники: 1).,5,residential,0.8
cell_000079,37.561970992933595,55.74919511318721,3312,2,"Рядом медучреждений: 2 (клиники: 1, кабинеты врачей: 1).",6,residential,0.8
cell_000080,37.56995165488933,55.74919511318721,3015,0,Медучреждений рядом не обнаружено.,3,residential,0.8
cell_000081,37.577932316845065,55.74919511318721,3299,5,Рядом медучреждений: 5 (клиники: 5).,7,residential,0.85
cell_000082,37.5859129788008,55.74919511318721,4105,6,Рядом медучреждений: 6 (клиники: 6).,7,residential,0.85
cell_000083,37.593893640756534,55.74919511318721,3906,8,Рядом медучреждений: 8 (клиники: 8).,7,residential,0.85
cell_000084,37.60187430271227,55.74919511318721,3534,2,Рядом медучреждений: 2 (клиники: 2).,6,residential,0.8
cell_000085,37.609854964668,55.74919511318721,2581,4,"Рядом медучреждений: 4 (кабинеты врачей: 2, клиники: 1, больницы: 1).",7,residential,0.85
cell_000086,37.61783562662374,55.74919511318721,1718,0,Медучреждений рядом не обнаружено.,3,residential,0.8
cell_000087,37.62581628857947,55.74919511318721,1785,0,Медучреждений рядом не обнаружено.,3,residential,0.8
cell_000088,37.633796950535206,55.74919511318721,3070,3,"Рядом медучреждений: 3 (клиники: 2, кабинеты врачей: 1).",6,residential,0.8
cell_000089,37.64177761249094,55.74919511318721,3643,1,Рядом медучреждений: 1 (клиники: 1).,5,residential,0.8
cell_000090,37.649758274446675,55.74919511318721,3694,2,Рядом медучреждений: 2 (клиники: 2).,6,residential,0.8
cell_000091,37.55399033097786,55.75368666906217,1774,0,Медучреждений рядом не обнаружено.,3,residential,0.8
cell_000092,37.561970992933595,55.75368666906217,3058,0,Медучреждений рядом не обнаружено.,3,residential,0.8
cell_000093,37.56995165488933,55.75368666906217,2681,0,Медучреждений рядом не обнаружено.,3,residential,0.8
cell_000094,37.577932316845065,55.75368666906217,2932,3,"Рядом медучреждений: 3 (клиники: 2, кабинеты врачей: 1).",6,residential,0.8
cell_000095,37.5859129788008,55.75368666906217,4108,3,Рядом медучреждений: 3 (клиники: 3).,6,residential,0.8
cell_000096,37.593893640756534,55.75368666906217,3797,3,Рядом медучреждений: 3 (клиники: 3).,6,residential,0.8
cell_000097,37.60187430271227,55.75368666906217,3443,3,Рядом медучреждений: 3 (клиники: 3).,6,residential,0.8
cell_000098,37.609854964668,55.75368666906217,2673,1,Рядом медучреждений: 1 (клиники: 1).,5,residential,0.8
cell_000099,37.61783562662374,55.75368666906217,3013,0,Медучреждений рядом не обнаружено.,3,residential,0.8
cell_000100,37.62581628857947,55.75368666906217,3069,1,Рядом медучреждений: 1 (клиники: 1).,5,residential,0.8
cell_000101,37.633796950535206,55.75368666906217,3201,3,Рядом медучреждений: 3 (клиники: 3).,6,residential,0.8
cell_000102,37.64177761249094,55.75368666906217,3559,5,Рядом медучреждений: 5 (клиники: 5).,7,residential,0.85
cell_000103,37.649758274446675,55.75368666906217,3383,0,Медучреждений рядом не обнаружено.,3,residential,0.8
cell_000104,37.55399033097786,55.758178224937126,3187,4,"Рядом медучреждений: 4 (кабинеты врачей: 3, клиники: 1).",6,residential,0.8
cell_000105,37.561970992933595,55.758178224937126,2913,2,Рядом медучреждений: 2 (клиники: 2).,6,residential,0.8
cell_000106,37.56995165488933,55.758178224937126,3007,3,Рядом медучреждений: 3 (клиники: 3).,6,residential,0.8
cell_000107,37.577932316845065,55.758178224937126,3525,1,Рядом медучреждений: 1 (кабинеты врачей: 1).,3,residential,0.8
cell_000108,37.5859129788008,55.758178224937126,4127,2,"Рядом медучреждений: 2 (кабинеты врачей: 1, клиники: 1).",6,residential,0.8
cell_000109,37.593893640756534,55.758178224937126,3834,3,Рядом медучреждений: 3 (клиники: 3).,6,residential,0.8
cell_000110,37.60187430271227,55.758178224937126,3789,5,Рядом медучреждений: 5 (клиники: 5).,7,residential,0.85
cell_000111,37.609854964668,55.758178224937126,3821,3,Рядом медучреждений: 3 (клиники: 3).,6,residential,0.8
cell_000112,37.61783562662374,55.758178224937126,3445,0,Медучреждений рядом не обнаружено.,3,residential,0.8
cell_000113,37.62581628857947,55.758178224937126,3626,2,Рядом медучреждений: 2 (клиники: 2).,6,residential,0.8
cell_000114,37.633796950535206,55.758178224937126,3948,8,"Рядом медучреждений: 8 (клиники: 5, кабинеты врачей: 3).",7,residential,0.85
cell_000115,37.64177761249094,55.758178224937126,3694,2,Рядом медучреждений: 2 (клиники: 2).,6,residential,0.8
cell_000116,37.649758274446675,55.758178224937126,3653,1,Рядом медучреждений: 1 (кабинеты врачей: 1).,3,residential,0.8
cell_000117,37.55399033097786,55.76266978081208,3648,4,"Рядом медучреждений: 4 (клиники: 3, кабинеты врачей: 1).",6,residential,0.8
cell_000118,37.561970992933595,55.76266978081208,3460,1,Рядом медучреждений: 1 (клиники: 1).,5,residential,0.8
cell_000119,37.56995165488933,55.76266978081208,3294,7,Рядом медучреждений: 7 (клиники: 7).,6,residential,0.8
cell_000120,37.577932316845065,55.76266978081208,3601,0,Медучреждений рядом не обнаружено.,3,residential,0.8
cell_000121,37.5859129788008,55.76266978081208,4211,2,"Рядом медучреждений: 2 (кабинеты врачей: 1, клиники: 1).",6,residential,0.8
cell_000122,37.593893640756534,55.76266978081208,3742,7,Рядом медучреждений: 7 (клиники: 7).,6,residential,0.8
cell_000123,37.60187430271227,55.76266978081208,3685,3,Рядом медучреждений: 3 (клиники: 3).,6,residential,0.8
cell_000124,37.609854964668,55.76266978081208,3648,3,"Рядом медучреждений: 3 (кабинеты врачей: 2, клиники: 1).",6,residential,0.8
cell_000125,37.61783562662374,55.76266978081208,3701,4,Рядом медучреждений: 4 (клиники: 4).,7,residential,0.85
cell_000126,37.62581628857947,55.76266978081208,3981,1,Рядом медучреждений: 1 (клиники: 1).,5,residential,0.8
cell_000127,37.633796950535206,55.76266978081208,4286,9,Рядом медучреждений: 9 (клиники: 9).,7,residential,0.85
cell_000128,37.64177761249094,55.76266978081208,3807,10,"Рядом медучреждений: 10 (клиники: 8, кабинеты врачей: 1, больницы: 1).",7,residential,0.9
cell_000129,37.649758274446675,55.76266978081208,4060,5,"Рядом медучреждений: 5 (клиники: 3, кабинеты врачей: 2).",7,residential,0.85
cell_000130,37.55399033097786,55.76716133668704,2039,2,"Рядом медучреждений: 2 (клиники: 1, кабинеты врачей: 1).",6,residential,0.8
cell_000131,37.561970992933595,55.76716133668704,3632,4,"Рядом медучреждений: 4 (клиники: 2, кабинеты врачей: 2).",6,residential,0.8
cell_000132,37.56995165488933,55.76716133668704,3678,2,Рядом медучреждений: 2 (клиники: 2).,6,residential,0.8
cell_000133,37.577932316845065,55.76716133668704,4096,2,Рядом медучреждений: 2 (клиники: 2).,6,residential,0.8
cell_000134,37.5859129788008,55.76716133668704,4395,6,"Рядом медучреждений: 6 (клиники: 4, больницы: 2).",7,residential,0.85
cell_000135,37.593893640756534,55.76716133668704,3883,5,Рядом медучреждений: 5 (клиники: 5).,7,residential,0.85
cell_000136,37.60187430271227,55.76716133668704,2914,1,Рядом медучреждений: 1 (кабинеты врачей: 1).,3,residential,0.8
cell_000137,37.609854964668,55.76716133668704,2369,1,Рядом медучреждений: 1 (клиники: 1).,5,residential,0.8
cell_000138,37.61783562662374,55.76716133668704,3508,10,Рядом медучреждений: 10 (клиники: 10).,7,residential,0.9
cell_000139,37.62581628857947,55.76716133668704,4016,2,Рядом медучреждений: 2 (клиники: 2).,6,residential,0.8
cell_000140,37.633796950535206,55.76716133668704,4289,8,"Рядом медучреждений: 8 (клиники: 7, кабинеты врачей: 1).",6,residential,0.8
cell_000141,37.64177761249094,55.76716133668704,3748,4,"Рядом медучреждений: 4 (клиники: 3, clinic;doctors: 1).",7,residential,0.9
cell_000142,37.649758274446675,55.76716133668704,3535,0,Медучреждений рядом не обнаружено.,3,residential,0.8
cell_000143,37.55399033097786,55.771652892561995,962,0,Медучреждений рядом не обнаружено.,3,residential,0.8
cell_000144,37.561970992933595,55.771652892561995,1693,0,Медучреждений рядом не обнаружено.,3,residential,0.8
cell_000145,37.56995165488933,55.771652892561995,3776,0,Медучреждений рядом не обнаружено.,3,residential,0.8
cell_000146,37.577932316845065,55.771652892561995,3771,4,Рядом медучреждений: 4 (клиники: 4).,7,residential,0.85
cell_000147,37.5859129788008,55.771652892561995,3858,2,Рядом медучреждений: 2 (клиники: 2).,6,residential,0.8
cell_000148,37.593893640756534,55.771652892561995,3934,4,Рядом медучреждений: 4 (клиники: 4).,7,residential,0.85
cell_000149,37.60187430271227,55.771652892561995,3182,7,Рядом медучреждений: 7 (клиники: 7).,6,residential,0.8
cell_000150,37.609854964668,55.771652892561995,2343,3,"Рядом медучреждений: 3 (кабинеты врачей: 2, клиники: 1).",6,residential,0.8
cell_000151,37.61783562662374,55.771652892561995,2586,6,Рядом медучреждений: 6 (клиники: 6).,7,residential,0.85
cell_000152,37.62581628857947,55.771652892561995,3560,10,"Рядом медучреждений: 10 (клиники: 7, кабинеты врачей: 3).",7,residential,0.9
cell_000153,37.633796950535206,55.771652892561995,4250,6,"Рядом медучреждений: 6 (клиники: 5, больницы: 1).",7,residential,0.85
cell_000154,37.64177761249094,55.771652892561995,3221,1,Рядом медучреждений: 1 (клиники: 1).,5,residential,0.8
cell_000155,37.649758274446675,55.771652892561995,2808,1,Рядом медучреждений: 1 (клиники: 1).,5,residential,0.8
cell_000156,37.55399033097786,55.77614444843695,1811,1,Рядом медучреждений: 1 (клиники: 1).,5,residential,0.8
cell_000157,37.561970992933595,55.77614444843695,1508,0,Медучреждений рядом не обнаружено.,3,residential,0.8
cell_000158,37.56995165488933,55.77614444843695,2786,0,Медучреждений рядом не обнаружено.,3,residential,0.8
cell_000159,37.577932316845065,55.77614444843695,3281,2,"Рядом медучреждений: 2 (клиники: 1, кабинеты врачей: 1).",6,residential,0.8
cell_000160,37.5859129788008,55.77614444843695,3437,5,"Рядом медучреждений: 5 (клиники: 4, кабинеты врачей: 1).",7,residential,0.85
cell_000161,37.593893640756534,55.77614444843695,3282,3,Рядом медучреждений: 3 (клиники: 3).,6,residential,0.8
cell_000162,37.60187430271227,55.77614444843695,2521,6,"Рядом медучреждений: 6 (клиники: 4, кабинеты врачей: 1, больницы: 1).",7,residential,0.85
cell_000163,37.609854964668,55.77614444843695,2230,4,"Рядом медучреждений: 4 (клиники: 3, кабинеты врачей: 1).",6,residential,0.8
cell_000164,37.61783562662374,55.77614444843695,2599,9,"Рядом медучреждений: 9 (клиники: 7, кабинеты врачей: 2).",7,residential,0.85
cell_000165,37.62581628857947,55.77614444843695,3166,6,Рядом медучреждений: 6 (клиники: 6).,7,residential,0.85
cell_000166,37.633796950535206,55.77614444843695,3378,4,Рядом медучреждений: 4 (клиники: 4).,7,residential,0.85
cell_000167,37.64177761249094,55.77614444843695,3008,1,Рядом медучреждений: 1 (клиники: 1).,5,residential,0.8
cell_000168,37.649758274446675,55.77614444843695,2738,2,"Рядом медучреждений: 2 (больницы: 1, клиники: 1).",7,residential,0.85
cell_000169,37.55399033097786,55.78063600431191,2649,1,Рядом медучреждений: 1 (больницы: 1).,6,residential,0.8
cell_000170,37.561970992933595,55.78063600431191,2827,0,Медучреждений рядом не обнаружено.,3,residential,0.8
cell_000171,37.56995165488933,55.78063600431191,2663,0,Медучреждений рядом не обнаружено.,3,residential,0.8
cell_000172,37.577932316845065,55.78063600431191,3487,0,Медучреждений рядом не обнаружено.,3,residential,0.8
cell_000173,37.5859129788008,55.78063600431191,3569,1,Рядом медучреждений: 1 (клиники: 1).,5,residential,0.8
cell_000174,37.593893640756534,55.78063600431191,2752,0,Медучреждений рядом не обнаружено.,3,residential,0.8
cell_000175,37.60187430271227,55.78063600431191,1787,0,Медучреждений рядом не обнаружено.,3,residential,0.8
cell_000176,37.609854964668,55.78063600431191,1733,4,Рядом медучреждений: 4 (клиники: 4).,7,residential,0.85
cell_000177,37.61783562662374,55.78063600431191,2665,2,"Рядом медучреждений: 2 (клиники: 1, кабинеты врачей: 1).",6,residential,0.8
cell_000178,37.62581628857947,55.78063600431191,2824,0,Медучреждений рядом не обнаружено.,3,residential,0.8
cell_000179,37.633796950535206,55.78063600431191,2885,0,Медучреждений рядом не обнаружено.,3,residential,0.8
cell_000180,37.64177761249094,55.78063600431191,2053,0,Медучреждений рядом не обнаружено.,3,residential,0.8
cell_000181,37.649758274446675,55.78063600431191,2388,0,Медучреждений рядом не обнаружено.,3,residential,0.8
