T,variant,sites,dCov,dN
10,B,"[139, 1483]",0.30963338965002407,37475.22532615249
10,M,"[104, 456]",0.6772829025405755,81972.1975428639
10,C,"[483, 1483]",0.3406214850696756,41225.74415615405
15,B,"[139, 1483]",0.4783679492175992,57897.33047201916
15,M,"[482, 1391]",0.7173532092074026,86821.94508761214
15,C,"[483, 1483]",0.58037492122142,70243.33186741862
20,B,"[139, 1483]",0.4060796911442708,49148.21345077093
20,M,"[631, 1483]",0.5532868944792853,66964.84208003039
20,C,"[483, 1483]",0.3827751479137902,46327.64229185169
